<?xml version = "1.0" encoding = "UTF-8"?>
<configuration>
    <appender name="CONSOLE" class="ch.qos.logback.core.ConsoleAppender">
        <encoder>
            <pattern>%d{dd-MM-yyyy HH:mm:ss.SSS} [%thread] %-5level %logger{36} - %msg%n</pattern>
        </encoder>
    </appender>
 
    <appender name="FILE" class="ch.qos.logback.core.FileAppender">
        <File>{LOG_LOCATION}/apilog.log</File>
        <encoder>
             <pattern>%d{dd-MM-yyyy HH:mm:ss.SSS} %-4relative [%thread] %-5level %logger{35} - %msg%n</pattern>
        </encoder>       
    </appender> 
 
    <root level="INFO">
        <appender-ref ref="CONSOLE"/>
        <appender-ref ref="FILE"/>
    </root>
</configuration>